LMA,looic,N
GL_LMAms,745.9921144840374,198
GL_LMA,766.1541467539158,198
