LMA,epld,N
GL_LMAms,-372.9960572420187,198
GL_LMA,-383.0770733769579,198
