LMA,looic,N,div
GL_Aps_LLps,695.4844590664759,198,OK
GL_Aps_LLs,705.0079428936563,198,OK
GL_Aps_LLps2,749.1850653466563,198,OK
GL_Ap_LLs,750.8153106528159,198,OK
GL_Ap_LLps,759.0981338186967,198,OK
GL_LMA,766.5317043810749,198,OK
