LMA,looic,lp,N,div
GL_Aps_LLs,717.0641787560136,-621.7230757896083,198,OK
GL_Aps_LLps,745.8722626849399,-664.4424216168499,198,OK
GL_Ap_LLs,746.0863581795867,-661.9247210961303,198,OK
GL_Ap_LLps,759.2945179185812,-697.8370389256472,198,OK
GL_LMA,766.7328290516932,-777.8826927290311,198,OK
