"LMA","elpd","N","site"
"LMA",-264.370401094356,106,"Panama"
"LMA_L",-252.730788838306,106,"Panama"
"LMAms",-241.946927695343,106,"Panama"
"LMAms_L",-240.027427219544,106,"Panama"
"LD_L",-247.393639387783,106,"Panama"
