LMA,epld,N
PA_LMAms_L0,-250.5648883587667,106
PA_LMA_L,-251.48262113459108,106
PA_LD_L,-251.71363957909753,106
PA_LMAms0,-259.123298348558,106
PA_LMA,-264.05202236032227,106
