"LMA","elpd","N","site"
"LMA",-265.465817471833,106,"Panama"
"LMA_L",-251.882413351965,106,"Panama"
"LMAms",-251.565137797643,106,"Panama"
"LMAms_L",-245.31487889206,106,"Panama"
"LD_L",-251.966028506847,106,"Panama"
