LMA,looic,N
PA_LMAms_L0,501.1297767175334,106
PA_LMA_L,502.96524226918217,106
PA_LD_L,503.42727915819506,106
PA_LMAms0,518.246596697116,106
PA_LMA,528.1040447206445,106
