"LMA","elpd","N","site"
"LMA",-265.251534467414,106,"Panama"
"LMA_L",-251.924357519401,106,"Panama"
"LMAms",-266.643360809839,106,"Panama"
"LMAms_L",-258.157394179723,106,"Panama"
"LD_L",-259.291039102757,106,"Panama"
