"gr","var_ratio"
"PA Sun",1.09968216128462
"PA Shade",0.335005385240287
"GL",0.61508103326243
