"gr","var_ratio"
"PA Sun",0.513634166386823
"PA Shade",0.356712984095419
"GL",1.24310281414727
